,Unnamed: 0,date,price,volume_estimated,RSI_14_2h,SMA_20_2h,Bollinger_Upper_2h,Bollinger_Lower_2h,sell,stoploss,buy,SMA_10,SMA_50,sma_10_sma50,volatility
1394,155,2025-02-13 00:00:00,0.5883253469287212,11.803421603066578,54.45085582494839,0.5643107867482349,0.622890478611458,0.5057310948850118,False,False,False,0.5494821607813983,0.5683061292088617,-0.018823968427463367,0.11715938372644619
1395,156,2025-02-13 02:00:00,0.5907572788053661,2.4319318766449216,54.904402362917054,0.5629086152274633,0.6171807366175219,0.5086364938374046,True,False,False,0.5537148093229094,0.569253726817014,-0.015538917494104632,0.10854424278011732
1396,157,2025-02-13 04:00:00,0.5379798418476144,52.777436957751725,44.539435519886815,0.5602644544663541,0.6139518757349438,0.5065770331977644,False,False,False,0.5534028443393966,0.5689514596546029,-0.015548615315206349,0.10737484253717944
1397,158,2025-02-13 06:00:00,0.5231426232951396,14.837218552474774,42.13143864358223,0.555550523725996,0.6044496051620727,0.5066514422899193,False,True,False,0.5511897454989867,0.5673851254281163,-0.01619537992912956,0.09779816287215337
1398,159,2025-02-13 08:00:00,0.5221352528966857,1.0073703984538884,41.96554663345527,0.5515368711558547,0.5973202544213821,0.5057534878903273,False,False,False,0.5519970687498753,0.566820406060166,-0.01482333731029073,0.09156676653105489
1399,160,2025-02-13 10:00:00,0.4958105030641419,26.32474983254379,37.77923034319141,0.547997034317005,0.5994685687328973,0.4965254999011126,False,False,False,0.5509001097619121,0.5659010501686718,-0.0150009404067597,0.10294306883178472
1400,161,2025-02-13 12:00:00,0.4913055300109445,4.504973053197414,37.09721662936468,0.5441689040144022,0.6005701710876281,0.4877676369411763,False,False,False,0.5439550002328696,0.5648655447317698,-0.020910544498900174,0.1128025341464518
1401,162,2025-02-13 14:00:00,0.4785680916181643,12.737438392780188,35.164285496404005,0.5399716404629038,0.6027575689962562,0.4771857119295514,False,False,False,0.5371247503044085,0.5636717631021646,-0.026547012797756064,0.12557185706670482
1402,163,2025-02-13 16:00:00,0.4730457594382843,5.522332179880019,34.32913821834009,0.5357239833215214,0.6045763585242451,0.4668716081187977,False,False,True,0.5277592153230717,0.5629763783091437,-0.035217162986072026,0.13770475040544738
1403,164,2025-02-13 18:00:00,0.4775414864102807,4.4957269719964055,35.668648443886966,0.5320889908858895,0.6052553787769622,0.4589226029948166,False,False,False,0.5178611714315343,0.5624210084752879,-0.04455983704375355,0.14633277578214565
1404,165,2025-02-13 20:00:00,0.474432761453552,3.1087249567287034,35.134969639039966,0.5279770368327078,0.6044933335230155,0.4514607401424001,False,False,False,0.5064719128840174,0.5622148946467128,-0.05574298176269543,0.15303259338061537
1405,166,2025-02-13 22:00:00,0.4764207299910932,1.9879685375411849,35.79652128163022,0.5243765336627497,0.6035704416388319,0.4451826256866675,False,False,False,0.49503825800259016,0.562188238047203,-0.06714998004461281,0.1583878159521644
1406,167,2025-02-14 00:00:00,0.4843005907555751,7.879860764481883,38.47506069151077,0.5215365886163913,0.6022642981422363,0.4408088790905464,False,False,False,0.4896703328933862,0.5625922827097779,-0.07292194981639172,0.16145541905168986
1407,168,2025-02-14 02:00:00,0.4892155613825955,4.914970627020399,40.152221034696005,0.5187336861005591,0.5998828689825503,0.437584503218568,False,False,False,0.4862776267021317,0.562666512794506,-0.07638888609237426,0.16229836576398227
1408,169,2025-02-14 04:00:00,0.4940688138130584,4.853252430462918,41.83822156122637,0.5177340257718221,0.5996148081587976,0.4358532433848466,False,False,False,0.483470982793769,0.5625641347032269,-0.07909315190945787,0.16376156477395104
1409,170,2025-02-14 06:00:00,0.5099804738396929,15.911660026634522,47.10000084623828,0.517894044816618,0.5996971637787872,0.4360909258544488,False,False,False,0.48488797987132415,0.5624377794784325,-0.0775497996071084,0.16360623792433843
1410,171,2025-02-14 08:00:00,0.5512269299037775,41.24645606408461,57.76622454342593,0.5174175600467386,0.5982750089558336,0.4365601111376435,False,False,False,0.4908801198606074,0.5630273852258297,-0.07214726536522231,0.16171489781819015
1411,172,2025-02-14 10:00:00,0.5447450496883088,6.481880215468694,55.86008088850709,0.5173112829860151,0.5980111665398913,0.4366113994321389,False,False,False,0.49749781566762186,0.5633519151876467,-0.06585409952002486,0.1613997671077524
1412,173,2025-02-14 12:00:00,0.5367549128186312,7.990136869677644,53.51584178542576,0.5158139731643641,0.5937182319427838,0.4379097143859443,False,False,False,0.5038687310056564,0.5624771435667344,-0.05860841256107796,0.15580851755683955
1413,174,2025-02-14 14:00:00,0.550372171641856,13.617258823224844,56.8401439328697,0.5145064854801741,0.5889202963667182,0.4400926745936299,False,False,False,0.5111517995288141,0.5614018477832515,-0.05025004825443746,0.14882762177308828
1414,175,2025-02-14 16:00:00,0.5721686528068815,21.796481165025416,61.57678618537179,0.5136986507740822,0.5850249900997969,0.4423723114483675,True,False,False,0.520925388664147,0.5593927943267851,-0.03846740566263818,0.14265267865142944
1415,176,2025-02-14 18:00:00,0.5376379502628517,34.53070254402979,51.86557299232793,0.5110426843469564,0.5737187042560967,0.4483666644378162,False,False,False,0.5270471106913228,0.5571848178238583,-0.030137707132535496,0.12535203981828053
1416,177,2025-02-14 20:00:00,0.5238233922089197,13.814558053931949,48.565663267593685,0.5103348618650216,0.5720422567579838,0.4486274669720594,False,False,False,0.5309993908366574,0.5548420887936447,-0.023842697956987347,0.1234147897859244
1417,178,2025-02-14 22:00:00,0.4887656028152514,35.05778939366833,41.3718376516322,0.5086160108410274,0.5707350264608966,0.4464969952211581,False,True,False,0.5309543949799229,0.5519382781809617,-0.020983883201038833,0.12423803123973848
1418,179,2025-02-15 00:00:00,0.4726566442974498,16.108958517801586,38.54642245164309,0.5061420804110655,0.5699131627595676,0.4423709980625633,False,False,False,0.528813178028362,0.5488541030656932,-0.020040925037331125,0.1275421646970043
1419,180,2025-02-15 02:00:00,0.4733260230836991,0.6693787862492862,38.73365811789467,0.5050178564120433,0.5703299678375271,0.4397057449865596,False,False,False,0.5251477329527626,0.5469624027232671,-0.021814669770504502,0.13062422285096748
1420,181,2025-02-15 04:00:00,0.4652391476358501,8.086875447848973,37.25679450930587,0.5037145372932886,0.5711834954290198,0.4362455791575575,False,False,False,0.51654895472597,0.5436934439519168,-0.02714448922594681,0.1349379162714623
1421,182,2025-02-15 06:00:00,0.4465809623904524,18.658185245397696,34.032606108862026,0.502115180831903,0.5734970734361782,0.4307332882276277,False,False,False,0.5067325459961842,0.5398899192743669,-0.03315737327818269,0.1427637852085505
1422,183,2025-02-15 08:00:00,0.4351468492842741,11.434113106178312,32.193924177355214,0.5002202353242026,0.5766827326490447,0.4237577379993604,False,False,False,0.4965717396427486,0.5345205973052198,-0.03794885766247125,0.1529249946496843
1423,184,2025-02-15 10:00:00,0.4302014968506921,4.945352433582018,31.40366209681353,0.4978532358462232,0.5799919932420444,0.415714478450402,False,False,True,0.4845546721636322,0.5297383116081532,-0.04518363944452103,0.16427751479164243
1424,185,2025-02-15 12:00:00,0.4456191103857343,15.417613535042229,36.62653292910045,0.4964125532928322,0.5812474485255777,0.4115776580600866,False,False,False,0.4718997179215175,0.5255837185932303,-0.05368400067171275,0.16966979046549113
1425,186,2025-02-15 14:00:00,0.4324588389285831,13.160271457151207,34.23070009963233,0.4942144587397067,0.5833970975649768,0.4050318199144367,False,False,False,0.46138180678809065,0.521856881187386,-0.06047507439929539,0.1783652776505401
1426,187,2025-02-15 16:00:00,0.4341356108440652,1.6767719154821004,34.815755730100776,0.4917062097441312,0.5847989043501758,0.3986135151380867,False,False,False,0.4524130286516052,0.5187223322628713,-0.06630930361126613,0.1861853892120891
1427,188,2025-02-15 18:00:00,0.432938546968845,1.1970638752202278,34.57926305447583,0.4888923590234437,0.5856326692838303,0.3921520487630571,False,False,False,0.44683032306696446,0.5150326784402022,-0.06820235537323771,0.1934806205207732
1428,189,2025-02-15 20:00:00,0.4404547314928241,7.516184523979119,37.45215322739594,0.486211654907432,0.5852910497853351,0.3871322600295291,False,False,False,0.44361013178650194,0.5117936069840685,-0.06818347519756657,0.19815878975580598
1429,190,2025-02-15 22:00:00,0.4382544616537667,2.200269839057412,36.94073951042216,0.4826253542981357,0.5832624358961066,0.3819882727001648,False,False,False,0.44010297564350875,0.509226551420321,-0.06912357577681227,0.20127416319594182
1430,191,2025-02-16 00:00:00,0.4429571595338028,4.702697880036133,38.86232759885848,0.4772118657796369,0.5738810550758405,0.3805426764834332,False,False,False,0.43787477683330406,0.5067283318897371,-0.06885355505643304,0.19333837859240732
1431,192,2025-02-16 02:00:00,0.4517822984772842,8.82513894348136,42.40903173248929,0.4725637282190857,0.5643784800034729,0.3807489764346985,False,False,False,0.43839491044198714,0.5045137106063202,-0.06611880016433308,0.1836295035687744
1432,193,2025-02-16 04:00:00,0.4582497447252176,6.46744624793344,44.930331492420265,0.4686384698144151,0.5554758676967572,0.3818010719320731,True,False,False,0.44070519998608154,0.502518727455506,-0.06181352746942442,0.1736747957646841
1433,194,2025-02-16 06:00:00,0.4389583480139878,19.29139671122981,39.39071730320384,0.4630677786330216,0.5417387718135335,0.3843967854525097,False,False,False,0.4415808851024111,0.5002930677133273,-0.05871218261091615,0.15734198636102376
1434,195,2025-02-16 08:00:00,0.4406051976762882,1.646849662300387,40.07001328256226,0.456489605876492,0.516550038967243,0.3964291727857409,False,False,False,0.44107949383146644,0.4979717348165093,-0.05689224098504286,0.12012086618150214
1435,196,2025-02-16 10:00:00,0.4405527152921984,0.0524823840897803,40.05460633334222,0.4516353441279593,0.4982741979368051,0.4049964903191135,False,False,False,0.441888881467828,0.49581417325454824,-0.05392529178672023,0.09327770761769161
1436,197,2025-02-16 12:00:00,0.4242731236873874,16.279591604811017,35.49544999356887,0.4466578307018827,0.4802942200676228,0.4130214413361427,False,False,False,0.44090263275216024,0.49347764589464105,-0.05257501314248081,0.06727277873148008
1437,198,2025-02-16 14:00:00,0.4394517331669563,15.178609479568896,42.11148221974592,0.4441921372194679,0.4714586667605674,0.4169256076783684,False,False,False,0.4415539513719714,0.49136120832399544,-0.04980725695202404,0.05453305908219902
1438,199,2025-02-16 16:00:00,0.432839775201692,6.611957965264315,40.17826259635762,0.4422012937646801,0.4663535784544082,0.4180490090749519,False,False,False,0.4407924557428581,0.48973676342027334,-0.048944307677415255,0.04830456937945632
1439,200,2025-02-16 18:00:00,0.4193277699963513,13.512005205340682,36.49148756174541,0.4395013811103126,0.4609219310679126,0.4180808311527127,False,False,True,0.4388997865771166,0.4879877169613248,-0.04908793038420822,0.04284109991519991
1440,201,2025-02-16 20:00:00,0.4350544244044975,15.72665440814619,43.04248921373706,0.437992144948745,0.455710863773175,0.4202734261243151,False,False,False,0.4381095130641861,0.4854736729433874,-0.047364159879201284,0.03543743764885987
1441,202,2025-02-16 22:00:00,0.4220439399324526,13.010484472044892,39.419793003361,0.436765293825845,0.4553564684119967,0.4181741192396933,False,False,False,0.4351356772097029,0.48297713992398095,-0.04784146271427803,0.0371823491723034
1442,203,2025-02-17 00:00:00,0.4416778413612782,320.932,46.70908777392862,0.4370918434296952,0.4557924315826691,0.4183912552767214,False,False,False,0.433478486873309,0.4804766745661735,-0.04699818769286451,0.03740117630594769
1443,204,2025-02-17 02:00:00,0.4444897400193223,320.932,47.680044484479154,0.4378062555881267,0.4564901991048625,0.4191223120713909,False,False,False,0.43403162607384244,0.47783603086004683,-0.0438044047862044,0.0373678870334716
1444,205,2025-02-17 04:00:00,0.4231247204961525,320.932,41.49390963482684,0.4366815360936477,0.4560797627304026,0.4172833094568927,False,False,False,0.4322835783558288,0.47453201833139547,-0.042248439975566654,0.038796453273509945
1445,206,2025-02-17 06:00:00,0.4106075473881851,320.932,38.354241286842125,0.4355889715166278,0.4581862743489633,0.4129916686842922,False,False,True,0.4292890615654275,0.47092902370305184,-0.04163996213762433,0.045194605664671095
1446,207,2025-02-17 08:00:00,0.4247773583380404,320.932,43.56049243815762,0.4351210588913266,0.4582269060913108,0.4120152116913423,False,False,False,0.4293394850304928,0.46866497403286034,-0.03932548900236754,0.04621169439996847
1447,208,2025-02-17 10:00:00,0.4487309916620008,320.932,51.08166576637815,0.4359106811259843,0.4597695983674821,0.4120517638844864,False,False,False,0.4302674108799972,0.4671767414001976,-0.0369093305202004,0.047717834482995714
1448,209,2025-02-17 12:00:00,0.4524188430063561,320.932,52.13913947115361,0.4365088867016609,0.461424076291509,0.4115936971118127,True,False,False,0.4322253176604637,0.465782413202391,-0.03355709554192732,0.049830379179696294
1449,210,2025-02-17 14:00:00,0.4201171921328775,320.932,43.30824833382962,0.4356020232256165,0.4615486659860565,0.4096553804651764,False,False,False,0.43230425987411636,0.46426854698376574,-0.03196428710964938,0.05189328552088007
1450,211,2025-02-17 16:00:00,0.376109510886027,320.932,34.688181139954736,0.4322596407932276,0.4691368620406738,0.3953824195457814,False,True,False,0.42640976852226925,0.46196462660126725,-0.035554858078998,0.07375444249489238
1451,212,2025-02-17 18:00:00,0.3601821834130665,320.932,32.190874274134856,0.4276796350400168,0.4754822148388942,0.3798770552411394,False,False,False,0.4202235928703306,0.4595969084371654,-0.039373315566834766,0.09560515959775479
1452,213,2025-02-17 20:00:00,0.3732156751903299,320.932,36.23631941824018,0.4234279315632723,0.4747769195316582,0.3720789435948864,False,False,False,0.4133773762532358,0.45760030675220625,-0.04422293049897047,0.10269797593677177
1453,214,2025-02-17 22:00:00,0.3607738860016804,320.932,34.14231371750883,0.419518708462657,0.4773808099956828,0.3616566069296313,False,False,False,0.40500579085147165,0.4552649547440343,-0.05025916389256263,0.11572420306605147
1454,215,2025-02-18 00:00:00,0.359750182183692,324.162,33.968379599825624,0.4154759576880272,0.4782267065622727,0.3527252088137816,False,False,False,0.3986683370202256,0.45297130315863704,-0.05430296613841146,0.12550149774849106
1455,216,2025-02-18 02:00:00,0.3606797428453019,324.162,34.2957004844439,0.4114823090656824,0.4775901398035241,0.3453744783278406,False,False,False,0.3936755565659372,0.4506564834157213,-0.056980926849784064,0.13221566147568353
1456,217,2025-02-18 04:00:00,0.3301115631594601,324.162,29.174199762867342,0.406774231039286,0.4818502465235167,0.3316982155550553,False,False,False,0.3842089770480792,0.4475727028637989,-0.0633637258157197,0.15015203096846141
1457,218,2025-02-18 06:00:00,0.3303596716258158,324.162,29.26652899436553,0.401319627962229,0.4820390905995579,0.3206001653249,False,False,False,0.37237184504446075,0.4443955850686634,-0.07202374002420264,0.16143892527465792
1458,219,2025-02-18 08:00:00,0.3369491989170027,324.162,31.80909109900909,0.3965250991479945,0.480679759590776,0.3123704387052131,False,False,False,0.36082488063552537,0.44125319277074226,-0.0804283121352169,0.16830932088556294
1459,220,2025-02-18 10:00:00,0.3269973142057696,324.162,30.05214730916028,0.3919085763584654,0.4807934079108654,0.3030237448060654,False,False,False,0.3515128928428146,0.4375935295780638,-0.08608063673524918,0.17776966310479997
1460,221,2025-02-18 12:00:00,0.3256207553725282,324.162,29.80690375730306,0.386436892906867,0.4775830019753409,0.2952907838383931,False,False,False,0.3464640172914647,0.43308140608743884,-0.08661738879597414,0.18229221813694785
1461,222,2025-02-18 14:00:00,0.3029652067101961,324.162,26.04043163752175,0.3804829562457542,0.4772211662499465,0.2837447462415619,False,False,False,0.3407423196211777,0.42824580922787653,-0.08750348960669885,0.1934764200083846
1462,223,2025-02-18 16:00:00,0.2871911940775848,324.162,23.786689717550544,0.3727586238815695,0.4735106057297162,0.2720066420334227,False,False,True,0.3321398715099032,0.4232545348530556,-0.09111466334315238,0.20150396369629353
1463,224,2025-02-18 18:00:00,0.3023114535347356,324.162,30.037324918589007,0.3656497095573402,0.465147169244761,0.2661522498699193,False,False,False,0.3262936282632087,0.4182933204909132,-0.09199969222770454,0.1989949193748417
1464,225,2025-02-18 20:00:00,0.3143397425842686,324.162,34.63034966935099,0.3602104606617459,0.4583633098389172,0.2620576114845746,False,False,False,0.32175258430326636,0.4131367422864609,-0.09138415798319455,0.19630569835434258
1465,226,2025-02-18 22:00:00,0.3217813859281478,324.162,37.369814661887126,0.3557691525887441,0.4523461866288962,0.2591921185485919,False,False,False,0.31786274861155095,0.4088196109997668,-0.09095686238821588,0.19315406808030428
1466,227,2025-02-19 00:00:00,0.3211560867874736,0.6252991406742181,37.22863557253682,0.3505880890112157,0.4425868305489508,0.2585893474734806,False,False,False,0.31696720097435227,0.40476626489133793,-0.08779906391698566,0.1839974830754702
1467,228,2025-02-19 02:00:00,0.3221285669104374,0.9724801229638036,37.62331935111685,0.3442579677736376,0.424493681663647,0.2640222538836282,False,False,False,0.31614409050281445,0.4014335241732417,-0.08528943367042724,0.16047142778001877
1468,229,2025-02-19 04:00:00,0.3243756484313615,2.2470815209241213,38.584246081361066,0.3378558080448878,0.4001896886334005,0.275521927456375,True,False,False,0.31488673545425033,0.3984679042559199,-0.08358116880166955,0.1246677611770255
1469,230,2025-02-19 06:00:00,0.3242995225183424,0.0761259130191427,38.5625724151545,0.3330649245641611,0.3820847303433644,0.2840451187849579,False,False,False,0.31461695628550757,0.3954873742446128,-0.08087041795910521,0.09803961155840646
1470,231,2025-02-19 08:00:00,0.3182111628659075,6.088359652434871,36.78297532941184,0.3301700071631551,0.3751592651635903,0.2851807491627199,False,False,False,0.3138759970348456,0.392546814549214,-0.07867081751436839,0.08997851600087042
1471,232,2025-02-19 10:00:00,0.3227298980164635,4.518735150556008,39.03182365537445,0.328297392893325,0.3710910204565095,0.2855037653301404,False,False,False,0.31585246616547225,0.39006979326173413,-0.07421732709626189,0.08558725512636911
1472,233,2025-02-19 12:00:00,0.3169692307370148,5.76066727944874,37.21431402882206,0.3254850706706592,0.362904854933231,0.2880652864080875,False,False,False,0.31883026983141527,0.3877062408907889,-0.06887597105937365,0.07483956852514351
1473,234,2025-02-19 14:00:00,0.3100964980104851,6.872732726529662,35.11356510915677,0.3229512012710994,0.3570230726951244,0.2888793298470744,False,False,False,0.31960877427899026,0.3853041409139848,-0.06569536663499453,0.06814374284805003
1474,235,2025-02-19 16:00:00,0.3225917587283831,12.49526071789797,41.571443178721225,0.321093280098334,0.3504411600976028,0.2917454000990653,False,False,False,0.32043397589340167,0.3828435938808378,-0.062409617987436106,0.05869575999853749
1475,236,2025-02-19 18:00:00,0.3129737209803366,9.618037748046484,38.40312808026921,0.3187079790050857,0.3415401436141305,0.2958758143960409,False,False,False,0.31955320939862053,0.3804538915218728,-0.06090068212325228,0.045664329218089605
1476,237,2025-02-19 20:00:00,0.2972883340056145,15.685386974722103,33.86959570246334,0.3170668175473934,0.3411329676570264,0.2930006674377605,False,False,False,0.31716643412043466,0.37771694598510386,-0.0605505118646692,0.0481323002192659
1477,238,2025-02-19 22:00:00,0.2977298745201403,1.8437522260696948,34.10541527698355,0.3154353276921097,0.3401232118859623,0.290747443498257,False,False,False,0.31472656488140494,0.37501277253612975,-0.06028620765472481,0.0493757683877053
1478,239,2025-02-20 00:00:00,0.2911300487751349,6.59982574500545,32.25397982064206,0.3131443701850163,0.3379298303774569,0.2883589099925756,False,False,True,0.3114020049157823,0.372026278881776,-0.06062427396599368,0.04957092038488131
1479,240,2025-02-20 02:00:00,0.3145165429537156,23.38649417858074,43.87975964443665,0.3125203316224136,0.3364509583018285,0.2885897049429987,False,False,False,0.3104237069593196,0.3695515205077749,-0.05912781354845531,0.04786125335882979
1480,241,2025-02-20 04:00:00,0.3128339781463247,1.6825648073909294,43.3039784629566,0.3118809927611033,0.3350076824286395,0.2887543030935672,False,False,False,0.3098859884873613,0.3669490568800253,-0.05706306839266401,0.04625337933507229
1481,242,2025-02-20 06:00:00,0.3178489737528596,5.0149956065349,45.59543694305889,0.3126251811132366,0.3355003902237742,0.289749972002699,False,False,False,0.30939789606100093,0.3642703903855369,-0.05487249432453595,0.04575041822107523
1482,243,2025-02-20 08:00:00,0.3219369159897341,4.087942236874531,47.45954927243728,0.314362467208844,0.3341774780611308,0.2945474563565572,False,False,False,0.3098946645862729,0.3615441338108272,-0.05164946922455427,0.03963002170457358
1483,244,2025-02-20 10:00:00,0.3501374515360172,28.2005355462831,58.12010070348782,0.3167537671089081,0.3413997697971088,0.2921077644207074,False,False,False,0.31389875993882604,0.3597677158812678,-0.04586895594244178,0.04929200537640138
1484,245,2025-02-20 12:00:00,0.3461258564349909,4.011595101026333,56.3679849079158,0.3183430728014442,0.3462211726600283,0.2904649729428602,False,False,False,0.31625216970948683,0.3578781290564419,-0.041625959346955066,0.05575619971716805
1485,246,2025-02-20 14:00:00,0.3292821691926803,16.84368724231061,49.605983305388406,0.3187181119646708,0.3469900020059898,0.2904462219233519,False,False,False,0.3178830145307212,0.3556527181344515,-0.037769703603730276,0.056543780082637884
1486,247,2025-02-20 16:00:00,0.355248563978142,25.9663947854617,57.97556597313964,0.3204227358242043,0.3530839610048764,0.2877615106435322,False,False,False,0.323679037527974,0.3542722269402666,-0.03059318941229261,0.06532245036134415
1487,248,2025-02-20 18:00:00,0.3690854724424408,13.836908464298803,61.63237161590941,0.3227705811008045,0.3620321701255721,0.2835089920760368,True,False,False,0.330814597320204,0.3528649017257763,-0.022050304405572263,0.07852317804953529
1488,249,2025-02-20 20:00:00,0.3507605091070077,18.324963335433097,54.82795658510188,0.3240898241345867,0.3653031218240067,0.2828765264451668,False,False,False,0.3367776433533913,0.35122331640388255,-0.01444567305049127,0.0824265953788399
1489,250,2025-02-20 22:00:00,0.3546541100851632,3.893600978155498,55.94099364598748,0.3256075535129278,0.3690298546192863,0.2821852524065693,False,False,False,0.340791400066536,0.3499298432056588,-0.009138443139122765,0.086844602212717
1490,251,2025-02-21 00:00:00,0.363906927788813,9.252817703649828,58.554505425539176,0.327892341759073,0.3743768325223829,0.2814078509957632,False,False,False,0.34589869503078485,0.34850689327334516,-0.002608198242560311,0.0929689815266197
1491,252,2025-02-21 02:00:00,0.3386584519705496,25.2484758182634,49.862676095836136,0.3286887694567774,0.3753463345327237,0.282031204380831,False,False,True,0.3479796428525539,0.3468391835141071,0.0011404593384468087,0.09331513015189269
1492,253,2025-02-21 04:00:00,0.3441468815510162,5.488429580466581,51.5464137079238,0.3300476519974774,0.3768509002111206,0.2832444037838342,False,False,False,0.35020063940868207,0.3448885643179018,0.005312075090780244,0.09360649642728641
1493,254,2025-02-21 06:00:00,0.3605269395925344,16.380058041518208,56.2667902184524,0.3325691740765799,0.3802718964106445,0.2848664517425153,False,False,False,0.3512395882143338,0.34320930830936613,0.008030279904967685,0.09540544466812922
1494,255,2025-02-21 08:00:00,0.3832967819681677,22.76984237563329,61.833094402109566,0.3356044252385691,0.3881167747714058,0.2830920757057324,False,False,False,0.3549566807676515,0.34241274953880635,0.012543931228845173,0.10502469906567341
1495,256,2025-02-21 10:00:00,0.3927994313782283,9.502649410060627,63.89825190601597,0.3395957107584637,0.396791331319547,0.2824000901973804,True,False,False,0.3613084069862063,0.3420565872186072,0.0192518197675991,0.11439124112216664
1496,257,2025-02-21 12:00:00,0.3892249379042412,3.5744934739871392,62.52770716379834,0.3441925409533951,0.4018473931371207,0.2865376887696695,False,False,False,0.3647060443788162,0.3413455388099313,0.023360505568884915,0.1153097043674512
1497,258,2025-02-21 14:00:00,0.3469644279539011,42.26050995034009,49.11483371615875,0.3466542686250831,0.3999994037151027,0.2933091335350635,False,True,False,0.3624939399299622,0.33931020753576924,0.02318373239419297,0.10669027018003918
1498,259,2025-02-21 16:00:00,0.3371921619914015,9.77226596249958,46.62422133177541,0.3489573742858964,0.395788758022432,0.3021259905493609,False,False,False,0.36113710521840164,0.3370056739154702,0.02413143130293144,0.09366276747307112
1499,260,2025-02-21 18:00:00,0.3306489496747626,6.543212316638902,44.97951395168676,0.3497639946219488,0.3946113678579009,0.3049166213859967,False,False,False,0.3587365891773616,0.33521630906630784,0.023520280111053782,0.08969474647190423
1500,261,2025-02-21 20:00:00,0.3239860254272038,6.662924247558822,43.30431360199564,0.3503215969859927,0.3934812074429207,0.3071619865290647,False,False,False,0.35474449894120064,0.33417383935713146,0.020570659584069173,0.08631922091385602
1501,262,2025-02-21 22:00:00,0.3065658436640557,17.42018176314808,39.19426453907143,0.3497574404815525,0.3949512945540968,0.3045635864090082,False,False,True,0.35153523811055126,0.3331015125621512,0.01843372554840006,0.09038770814508856
1502,263,2025-02-22 00:00:00,0.3288504246836171,22.28458101956138,46.22545791463099,0.3501031159162467,0.3944997327020518,0.3057064991304415,False,False,False,0.35000559242381135,0.33221420755201697,0.01779138487179438,0.08879323357161029
1503,264,2025-02-22 02:00:00,0.3198087265412409,9.041698142376209,44.00220363350866,0.3485866796665079,0.3950042132985786,0.3021691460344372,False,False,False,0.34593377111868195,0.33139490436280816,0.014538866755873792,0.09283506726414142
1504,265,2025-02-22 04:00:00,0.3306168954175943,10.808168876353442,47.26714935475927,0.347811231615638,0.3949149724139735,0.3007074908173025,False,False,False,0.34066578246362467,0.3308122386274862,0.009853543836138456,0.09420748159667097
1505,266,2025-02-22 06:00:00,0.3251615766844409,5.455318733153414,45.81514867304778,0.3476052019902261,0.3950847336173714,0.3001256703630808,False,False,False,0.3339019969942459,0.330101875304269,0.0038001216899768986,0.0949590632542906
1506,267,2025-02-22 08:00:00,0.3496955227882066,24.533946103765693,52.83262669515064,0.3473275499307293,0.3946836694864163,0.2999714303750423,False,False,False,0.3299490554826424,0.3304935544968439,-0.0005444990142015049,0.094712239111374
1507,268,2025-02-22 10:00:00,0.3576727917873206,7.977268999113996,54.87885821169112,0.3467569158979733,0.393276779578541,0.3002370522174056,False,False,False,0.3310198918659844,0.33103981690007395,-1.9925034089540716e-05,0.09303972736113542
1508,269,2025-02-22 12:00:00,0.3690110033464333,11.338211559112688,57.68847299648807,0.3476694406099446,0.3952244520292074,0.3001144291906819,False,False,False,0.3342017760014876,0.3316810529886627,0.0025207230128249103,0.09511002283852554
1509,270,2025-02-22 14:00:00,0.3867908153148551,17.77981196842182,61.71442978603471,0.3492762758714292,0.3998978517533074,0.2986546999895511,True,False,False,0.33981596256549684,0.3328769230108443,0.006939039554652526,0.10124315176375631
1510,271,2025-02-22 16:00:00,0.3616905598450139,25.10025546984118,53.91511251601482,0.3491654574742392,0.3996617243385251,0.2986691906099533,False,False,False,0.3435864160072778,0.33359831910029397,0.009988096906983823,0.10099253372857181
1511,272,2025-02-22 18:00:00,0.3612062816261425,0.4842782188714256,53.77390982955975,0.3502928489570189,0.4008082153420835,0.2997774825719543,False,False,False,0.34905045980348653,0.334763140598613,0.014287319204873528,0.1010307327701292
1512,273,2025-02-22 20:00:00,0.3641636909826716,2.957409356529106,54.55662581489168,0.3512936894286017,0.4020887458705867,0.3004986329866166,False,False,False,0.35258178643339194,0.33630259053671474,0.0162791958966772,0.10159011288397007
1513,274,2025-02-22 22:00:00,0.3601870285367065,3.976662445965118,53.25094703477178,0.3512766938758102,0.4020589683422166,0.3004944194094038,False,False,False,0.3566196166329385,0.3374601020367541,0.019159514596184424,0.1015645489328128
1514,275,2025-02-23 00:00:00,0.3505230865837133,9.663941952993191,50.11222539942017,0.3496380091065875,0.3981333985281602,0.3011426196850148,False,False,False,0.3586102357495504,0.33818376891674296,0.020426466832807466,0.09699077884314539
1515,276,2025-02-23 02:00:00,0.3481410233942696,2.382063189443673,49.340237751279126,0.3474050887073896,0.3914401876279725,0.3033699897868067,False,False,False,0.3609081804205333,0.3387109616660654,0.022197218754467896,0.08807019784116582
1516,277,2025-02-23 04:00:00,0.3425571810718285,5.583842322441135,47.4932537328564,0.3450717008657689,0.3844788486162875,0.3056645531152503,False,True,False,0.3601943462488955,0.33913898355175254,0.021055362697142976,0.07881429550103719
1517,278,2025-02-23 06:00:00,0.3516820485027477,9.124867430919226,50.738499813725625,0.3453075818932113,0.3848187718566891,0.3057963919297335,False,False,False,0.35959527192043816,0.3397300531835987,0.01986521873683944,0.0790223799269556
1518,279,2025-02-23 08:00:00,0.3456275405205883,6.054507982159397,48.592457093335454,0.3457293508196706,0.3850554414797204,0.3064032601596209,False,False,False,0.3572569256378537,0.3401550910253833,0.01710183461247039,0.07865218132009949
1519,280,2025-02-23 10:00:00,0.3323109859010124,13.316554619575928,44.167572267172034,0.3458124526309831,0.3850111840324207,0.3066137212295455,False,False,False,0.3518089426964694,0.3403153202930366,0.011493622403432768,0.07839746280287518
1520,281,2025-02-23 12:00:00,0.3308959022581519,1.4150836428604707,43.712050421576606,0.3461579464725305,0.3846623298516845,0.3076535630933765,False,False,False,0.3487294769377832,0.34056901508088155,0.008160461856901668,0.07700876675830803
1521,282,2025-02-23 14:00:00,0.3120437842707809,18.85211798737102,38.077753605474406,0.3464318435028667,0.3838119166588821,0.3090517703468514,False,False,True,0.34381322720224705,0.3403552928059679,0.003457934396279172,0.0747601463120307
1522,283,2025-02-23 16:00:00,0.3246845485546707,12.640764283889826,43.350451220087336,0.3462235496964195,0.3840597693310164,0.3083873300618225,False,False,False,0.339865312959447,0.34050959916232104,-0.0006442862028740448,0.07567243926919387
1523,284,2025-02-23 18:00:00,0.3223720157857739,2.3125327688968134,42.63520792775885,0.3463517141586461,0.3838268342339053,0.3088765940833869,False,False,False,0.33608381168435375,0.34075510951782684,-0.004671297833473087,0.07495024015051838
1524,285,2025-02-23 20:00:00,0.3255656150896988,3.1935993039248767,44.00910683963366,0.3460991501422513,0.3840853764248187,0.308112923859684,False,False,False,0.33358806453495227,0.34081458664505315,-0.007226522110100886,0.07597245256513474
1525,286,2025-02-23 22:00:00,0.3328301065272075,7.264491437508735,47.112061768378645,0.3464825766343896,0.3837265060099162,0.3092386472588631,True,False,False,0.33205697284824603,0.3412117143559905,-0.00915474150774448,0.07448785875105313
1526,287,2025-02-24 00:00:00,0.3294777802563793,3.3523262708282098,45.84931385260144,0.3454716895077983,0.38343892199785,0.3075044570177465,False,False,False,0.33074903276670115,0.34185550328100583,-0.01110647051430469,0.07593446498010353
1527,288,2025-02-24 02:00:00,0.325802921939068,3.674858317311291,44.44304813439415,0.3438781960153857,0.3823609607690554,0.305395431261716,False,False,False,0.3281611201103332,0.3424169642293844,-0.014255844119051175,0.07696552950733943
1528,289,2025-02-24 04:00:00,0.3209747584998379,4.828163439230093,42.59456789356073,0.3414763837730559,0.3793457451546896,0.3036070223914221,False,False,False,0.3256958419082581,0.34301385842387844,-0.017318016515620316,0.07573872276326749
1529,290,2025-02-24 06:00:00,0.3107464131637967,10.228345336041222,38.90306745638145,0.337674163665503,0.371434047542718,0.303914279788288,False,False,False,0.3235393846345366,0.34293845582808014,-0.01939907119354356,0.06751976775443003
1530,291,2025-02-24 08:00:00,0.3134521202307423,2.7057070669456174,40.37516297007731,0.3352622416847894,0.3686886387765539,0.3018358445930248,False,False,False,0.3217950064317956,0.34295081866976845,-0.02115581223797286,0.06685279418352907
1531,292,2025-02-24 10:00:00,0.3136399673141002,0.1878470833578949,40.48238165856584,0.3328839259691872,0.365291173159539,0.3004766787788355,False,False,False,0.3219546247361275,0.34286663854099325,-0.020912013804865737,0.06481449438070352
1532,293,2025-02-24 12:00:00,0.3106467867349701,2.993180579130117,39.27060110078723,0.3302080807568022,0.3605099120187428,0.2999062494948615,False,False,False,0.3205508485541575,0.34264083595589795,-0.022089987401740452,0.060603662523881274
1533,294,2025-02-24 14:00:00,0.3023791486879431,8.267638047027015,36.05979283409802,0.327317686764364,0.3565898371579277,0.2980455363708004,False,False,False,0.3185515618443744,0.3416856698989365,-0.02313410805456212,0.0585443007871273
1534,295,2025-02-24 16:00:00,0.3072759395506939,4.8967908627508,39.22905105687334,0.3251553294127131,0.3535871296609048,0.2967235291645214,False,False,False,0.3167225942904739,0.3409086715612505,-0.024186077270776596,0.05686360049638339
1535,296,2025-02-24 18:00:00,0.2899207414433365,17.35519810735736,32.98818682261118,0.3222443153151664,0.3526222800107276,0.2918663506196052,False,True,False,0.3124316577820868,0.3401214430062637,-0.027689785224176866,0.0607559293911224
1536,297,2025-02-24 20:00:00,0.2860102746325896,3.9104668107469154,31.762076546256537,0.3194169699932045,0.352260503580931,0.286573436405478,False,False,False,0.3080849072197078,0.33873667721935263,-0.030651769999644807,0.06568706717545297
1537,298,2025-02-24 22:00:00,0.2766368958591912,9.37337877339839,28.98144545043296,0.3156647123610266,0.3500964137052616,0.2812330110167917,False,False,False,0.3031683046117201,0.3368877056876876,-0.03371940107596749,0.06886340268846991
1538,299,2025-02-25 00:00:00,0.2780544937679003,1.4175979087091006,29.97983312034177,0.3122860600233922,0.3475885913531169,0.2769835286936675,False,False,False,0.2988762781385264,0.3354335853809055,-0.0365573072423791,0.07060506265944944
1539,300,2025-02-25 02:00:00,0.2761397022866144,1.9147914812859268,29.37904930538824,0.3094774958426723,0.3469434868153869,0.2720115048699578,False,False,False,0.29541560705080816,0.3338632972249345,-0.03844769017412636,0.0749319819454291
1540,301,2025-02-25 04:00:00,0.2771091105434136,0.969408256799198,30.142310429007253,0.3067881562569354,0.3454823433990564,0.2680939691148145,False,False,False,0.2917813060820753,0.3321273408800265,-0.04034603479795118,0.07738837428424195
1541,302,2025-02-25 06:00:00,0.2713408449983529,5.7682655450606575,28.18996216889026,0.304753009293314,0.3464485078504841,0.263057510736144,False,False,False,0.2875513938505006,0.33078098874058254,-0.043229594890081935,0.08339099711434012
1542,303,2025-02-25 08:00:00,0.2696257834361773,1.7150615621756016,27.617193251002178,0.3020000710373893,0.3453906514072166,0.2586094906675621,False,False,True,0.2834492935206213,0.32929056677828583,-0.04584127325766452,0.08678116073965447
1543,304,2025-02-25 10:00:00,0.2868264280533587,17.20064461718135,40.64304806364286,0.3002227916507686,0.3430076280599401,0.257437955241597,False,False,False,0.28189402145716286,0.32781655654750225,-0.04592253509033939,0.0855696728183431
1544,305,2025-02-25 12:00:00,0.2757709421736621,11.055485879696567,36.14119683726998,0.2977330580049667,0.3401017016899804,0.255364414319953,False,False,False,0.2787435217194597,0.32566603975161224,-0.04692251803215253,0.08473728737002739
1545,306,2025-02-25 14:00:00,0.289381867401961,13.610925228298877,44.31850315944769,0.2955606460487044,0.3346833583698431,0.2564379337275658,False,False,False,0.2786896343153221,0.32359768847208686,-0.04490805415676474,0.0782454246422773
1546,307,2025-02-25 16:00:00,0.2895100127435753,0.1281453416143163,44.39070308579334,0.2935622576730642,0.3293294978753145,0.257795017470814,False,False,False,0.2790396081264207,0.3216033899688735,-0.0425637818424528,0.0715344804045005
1547,308,2025-02-25 18:00:00,0.3021643417593906,12.654329015815314,51.129653400124745,0.2923803286640803,0.325093595842866,0.2596670614852947,True,False,False,0.2815923527164406,0.32070738824498335,-0.03911503552854273,0.06542653435757129
1548,309,2025-02-25 20:00:00,0.3014573238464849,0.7070179129057275,50.75953687199237,0.2914044569314127,0.3215931745740661,0.2612157392887593,False,False,False,0.28393263572429905,0.319992691482085,-0.036060055757785925,0.06037743528530681
